{"cameraMode":{"drawMode":0,"name":"Shaded","section":"Shading Mode"},"sceneLighting":false,"audioPlay":false,"sceneViewState":{"showFog":true,"showMaterialUpdate":false,"showSkybox":true,"showFlares":true,"showImageEffects":true,"showParticleSystems":true},"in2DMode":false,"pivot":{"x":1.5521574020385743,"y":-8.809027671813965,"z":-1.7241418361663819},"rotation":{"x":-0.5125181078910828,"y":0.4873086214065552,"z":-0.5091456174850464,"w":-0.4905366897583008},"size":2.8578836917877199,"orthographic":false}