{"cameraMode":{"drawMode":0,"name":"Shaded","section":"Shading Mode"},"sceneLighting":false,"audioPlay":false,"sceneViewState":{"showFog":true,"showMaterialUpdate":false,"showSkybox":true,"showFlares":true,"showImageEffects":true,"showParticleSystems":true},"in2DMode":false,"pivot":{"x":-3.202648162841797,"y":-2.967806577682495,"z":-0.31389546394348147},"rotation":{"x":-0.11722829192876816,"y":0.7553738951683044,"z":-0.14074313640594483,"w":-0.6291734576225281},"size":11.878375053405762,"orthographic":false}